"crisis_number","crisis_name","year","sender_id","sender_action","receiver_id","receiver_name","receiver_action","receiver_outcome","success","cost"
96,"IRAN-OIL CONCESSIONS",1944,365,3,630,"IRN",3,1,0,0
102,"COMMUNISM IN ROMANIA",1945,360,8,365,"RUS",3,1,0,0
102,"COMMUNISM IN ROMANIA",1945,365,2,360,"RUM",3,4,1,3
104,"TRIESTE I",1945,345,7,200,"UKG",6,1,0,2
104,"TRIESTE I",1945,345,7,2,"USA",6,1,0,2
105,"FRENCH FORCES/SYRIA",1945,220,7,652,"SYR",8,1,0,2
106,"KARS-ARDAHAN",1945,365,2,640,"TUR",3,3,1,0
108,"AZERBAIJAN",1946,365,7,2,"USA",3,1,0,2
108,"AZERBAIJAN",1946,2,2,365,"RUS",3,4,1,0
109,"INDONESIA INDEP. I",1945,210,7,850,"INS",8,2,0,4
111,"TURKISH STRAITS",1946,365,2,640,"TUR",3,1,0,2
111,"TURKISH STRAITS",1946,365,2,2,"USA",7,1,0,2
113,"COMMUNISM IN HUNGARY",1947,310,4,365,"RUS",6,1,0,3
113,"COMMUNISM IN HUNGARY",1947,365,6,310,"HUN",3,4,1,1
115,"MARSHALL PLAN",1947,2,2,365,"RUS",3,1,0,2
115,"MARSHALL PLAN",1947,365,2,315,"CZE",3,4,1,3
118,"JUNAGADH",1947,750,7,770,"PAK",3,4,1,4
119,"KASHMIR I",1947,770,8,750,"IND",8,2,0,2
119,"KASHMIR I",1947,750,7,770,"PAK",8,2,0,1
121,"COMMUNISM IN CZECH.",1948,365,2,315,"CZE",3,4,1,0
122,"SOV. NOTE/FINLAND I",1948,365,2,375,"FIN",3,2,0,0
123,"BERLIN BLOCKADE",1948,365,3,220,"FRN",4,1,0,1
123,"BERLIN BLOCKADE",1948,365,3,200,"UKG",4,1,0,1
123,"BERLIN BLOCKADE",1948,365,3,2,"USA",4,1,0,1
128,"SINAI INCURSION",1948,666,8,200,"UKG",3,1,0,2
128,"SINAI INCURSION",1948,200,7,666,"ISR",6,2,0,3
129,"PUSHTUNISTAN I",1949,770,7,700,"AFG",6,4,1,4
131,"SOV. BLOC-YUGOSLAVIA",1949,365,2,345,"YUG",6,1,0,0
132,"KOREAN WAR I",1950,731,8,2,"USA",8,1,0,2
132,"KOREAN WAR I",1950,2,7,710,"CHN",3,3,1,1
132,"KOREAN WAR I",1950,710,7,713,"TAW",6,3,1,0
133,"KOREAN WAR II",1950,2,8,365,"RUS",6,1,0,2
133,"KOREAN WAR II",1950,710,8,2,"USA",3,2,0,2
134,"HULA DRAINAGE",1951,666,5,652,"SYR",3,2,0,4
135,"PUNJAB WAR SCARE I",1951,770,7,750,"IND",6,3,1,2
135,"PUNJAB WAR SCARE I",1951,750,7,770,"PAK",3,3,1,2
136,"SUEZ CANAL",1951,200,2,651,"EGY",3,3,1,0
136,"SUEZ CANAL",1951,651,2,200,"UKG",6,3,1,0
138,"BURMA INFILTRATION",1953,713,7,775,"MYA",3,1,0,2
140,"KOREAN WAR III",1953,2,5,710,"CHN",3,2,0,3
140,"KOREAN WAR III",1953,2,4,731,"PRK",3,2,0,3
142,"TRIESTE II",1953,345,7,325,"ITA",6,2,0,2
144,"GUATEMALA",1954,90,7,2,"USA",3,1,0,3
144,"GUATEMALA",1954,90,2,91,"HON",3,1,0,1
146,"TAIWAN STRAIT I",1954,710,8,2,"USA",6,3,1,1
147,"COSTA RICA/NIC. II",1955,101,7,94,"COS",7,1,0,2
150,"PUSHTUNISTAN II",1955,770,2,700,"AFG",3,4,1,0
150,"PUSHTUNISTAN II",1955,700,2,770,"PAK",3,1,0,0
151,"GOA I",1955,750,2,235,"POR",6,3,1,3
152,"SUEZ NATN.-WAR",1956,651,3,220,"FRN",8,4,0,3
152,"SUEZ NATN.-WAR",1956,651,3,200,"UKG",8,4,0,3
152,"SUEZ NATN.-WAR",1956,666,8,365,"RUS",3,1,0,2
152,"SUEZ NATN.-WAR",1956,365,5,2,"USA",6,1,0,3
152,"SUEZ NATN.-WAR",1956,365,5,666,"ISR",3,2,0,3
153,"QALQILYA",1956,645,2,666,"ISR",7,1,0,0
154,"POLAND LIBERALIZATION",1956,290,4,365,"RUS",3,2,0,0
154,"POLAND LIBERALIZATION",1956,365,2,290,"POL",3,2,0,0
155,"HUNGARIAN UPRISING",1956,365,4,310,"HUN",3,4,1,2
156,"MOCORON INCIDENT",1957,91,2,93,"NIC",8,3,0,4
159,"SYRIA/TURKEY CONFRNT.",1957,652,2,640,"TUR",3,1,0,0
159,"SYRIA/TURKEY CONFRNT.",1957,652,2,2,"USA",3,1,0,0
159,"SYRIA/TURKEY CONFRNT.",1957,2,2,652,"SYR",7,1,0,3
161,"WEST IRIAN I",1957,850,3,210,"NTH",3,3,1,0
163,"EGYPT/SUDAN BORDER I",1958,651,7,625,"SUD",7,1,0,2
166,"TAIWAN STRAIT II",1958,710,7,713,"TAW",8,1,0,2
166,"TAIWAN STRAIT II",1958,710,8,2,"USA",3,1,0,1
166,"TAIWAN STRAIT II",1958,2,7,710,"CHN",3,1,0,0
167,"CAMBODIA/THAILAND",1958,811,2,800,"THI",8,3,0,0
168,"BERLIN DEADLINE",1958,365,2,220,"FRN",3,3,1,3
168,"BERLIN DEADLINE",1958,365,2,200,"UKG",3,3,1,3
168,"BERLIN DEADLINE",1958,365,2,2,"USA",3,3,1,3
168,"BERLIN DEADLINE",1958,365,2,260,"GFR",3,3,1,3
171,"CHINA/INDIA BRD. I",1959,750,7,710,"CHN",8,3,0,1
172,"SHATT-AL-ARAB I",1959,630,2,645,"IRQ",2,3,1,0
172,"SHATT-AL-ARAB I",1959,645,2,630,"IRN",6,3,1,3
173,"ROTTEM",1960,666,7,651,"EGY",6,1,0,2
173,"ROTTEM",1960,651,7,666,"ISR",6,3,1,0
175,"FAILED ASS. VENEZUELA",1960,101,2,42,"DOM",6,4,1,0
177,"MALI FEDERATION",1960,432,2,433,"SEN",3,1,0,0
181,"BAY OF PIGS",1961,40,2,2,"USA",3,4,1,0
182,"PUSHTUNISTAN III",1961,770,2,700,"AFG",3,2,0,0
183,"KUWAIT INDEPENDENCE",1961,200,2,645,"IRQ",3,4,1,3
183,"KUWAIT INDEPENDENCE",1961,645,2,690,"KUW",6,1,0,0
184,"BIZERTA",1961,616,2,220,"FRN",8,2,0,3
185,"BERLIN WALL",1961,265,2,220,"FRN",6,4,1,2
185,"BERLIN WALL",1961,265,2,200,"UKG",7,4,1,2
185,"BERLIN WALL",1961,265,2,260,"GFR",3,4,1,2
185,"BERLIN WALL",1961,365,2,2,"USA",6,2,0,1
187,"WEST IRIAN II",1961,210,2,850,"INS",6,1,0,1
187,"WEST IRIAN II",1961,850,7,210,"NTH",3,4,1,0
189,"SOV. NOTE/FINLAND II",1961,365,2,375,"FIN",3,3,1,0
190,"GOA II",1961,750,2,235,"POR",3,4,1,2
192,"TAIWAN STRAIT III",1962,713,2,710,"CHN",6,3,1,2
194,"CHINA/INDIA BDR. II",1962,750,7,710,"CHN",8,1,0,2
195,"YEMEN WAR I",1962,670,7,651,"EGY",6,3,1,1
195,"YEMEN WAR I",1962,670,7,678,"YEM",8,3,0,1
196,"CUBAN MISSILES",1962,365,4,2,"USA",6,1,0,2
196,"CUBAN MISSILES",1962,2,7,40,"CUB",6,4,1,3
196,"CUBAN MISSILES",1962,2,7,365,"RUS",3,4,1,3
197,"MALAYSIA FEDERATION",1963,850,2,820,"MAL",6,1,0,0
198,"DOM. REP./HAITI II",1963,41,5,42,"DOM",6,2,0,1
198,"DOM. REP./HAITI II",1963,42,2,41,"HAI",3,2,0,3
199,"ALGERIA/MOROCCO BDR.",1963,600,7,615,"ALG",8,2,0,2
201,"KENYA/SOMALIA",1963,520,7,501,"KEN",6,1,0,0
202,"CYPRUS I",1963,352,2,640,"TUR",8,3,0,0
202,"CYPRUS I",1963,640,2,352,"CYP",3,3,1,3
202,"CYPRUS I",1963,640,2,350,"GRC",3,3,1,3
203,"JORDAN WATERS",1963,666,3,663,"JOR",3,4,1,3
203,"JORDAN WATERS",1963,666,3,660,"LEB",3,4,1,3
203,"JORDAN WATERS",1963,666,3,652,"SYR",3,4,1,3
203,"JORDAN WATERS",1963,666,3,651,"EGY",3,4,1,3
204,"DAHOMEY/NIGER",1963,434,7,436,"NIR",4,1,0,0
204,"DAHOMEY/NIGER",1963,436,2,434,"BEN",4,1,0,1
206,"PANAMA FLAG",1964,2,6,95,"PAN",3,2,0,1
206,"PANAMA FLAG",1964,95,2,2,"USA",7,2,0,0
216,"KASHMIR II",1965,710,2,750,"IND",3,1,0,1
218,"RHODESIA'S UDI",1965,552,2,551,"ZAM",7,2,0,3
222,"SIX DAY WAR",1967,651,7,666,"ISR",8,1,0,2
222,"SIX DAY WAR",1967,666,8,663,"JOR",8,4,0,2
222,"SIX DAY WAR",1967,365,2,2,"USA",6,1,0,0
222,"SIX DAY WAR",1967,666,8,365,"RUS",3,4,1,2
223,"CYPRUS II",1967,352,8,640,"TUR",7,1,0,1
223,"CYPRUS II",1967,640,7,350,"GRC",3,4,1,0
223,"CYPRUS II",1967,640,7,352,"CYP",3,4,1,0
224,"PUEBLO",1968,2,7,731,"PRK",6,1,0,2
226,"KARAMEH",1968,666,8,663,"JOR",8,1,0,2
228,"ESSEQUIBO I",1968,101,2,110,"GUY",3,3,1,3
232,"WAR OF ATTRITION",1970,651,2,365,"RUS",6,2,0,3
232,"WAR OF ATTRITION",1970,365,4,666,"ISR",8,2,0,2
234,"SHATT-AL-ARAB II",1969,645,2,630,"IRN",3,1,0,3
234,"SHATT-AL-ARAB II",1969,630,2,645,"IRQ",5,4,1,0
235,"FOOTBALL WAR",1969,91,8,92,"SAL",8,3,0,1
237,"INVASION OF CAMBODIA",1970,811,2,816,"DRV",8,1,0,0
237,"INVASION OF CAMBODIA",1970,816,8,817,"RVN",8,3,0,2
237,"INVASION OF CAMBODIA",1970,816,8,2,"USA",8,3,0,2
238,"BLACK SEPTEMBER",1970,663,2,652,"SYR",8,4,0,0
238,"BLACK SEPTEMBER",1970,663,2,2,"USA",6,1,0,0
238,"BLACK SEPTEMBER",1970,652,8,666,"ISR",6,1,0,2
239,"CIENFUEGOS SUB. BASE",1970,365,4,2,"USA",3,1,0,4
242,"BANGLADESH",1971,770,7,750,"IND",8,1,0,2
243,"CHAD/LIBYA I",1971,483,4,620,"LIB",3,4,1,3
245,"TANZANIA/UGANDA I",1971,510,7,500,"UGA",7,3,1,2
249,"CHRISTMAS BOMBING",1972,2,4,817,"RVN",3,2,0,3
249,"CHRISTMAS BOMBING",1972,816,2,2,"USA",8,2,0,0
250,"ZAMBIA RAID",1973,560,7,551,"ZAM",7,3,1,0
253,"ISRAEL MOBILIZATION",1973,651,7,666,"ISR",6,3,1,2
254,"COD WAR I",1973,200,7,395,"ICE",7,1,0,2
255,"OCTOBER-YOM KIPPUR WAR",1973,666,8,365,"RUS",7,2,0,3
257,"CYPRUS III",1974,640,8,350,"GRC",7,4,1,2
259,"MAYAGUEZ",1975,2,2,811,"CAM",9,4,0,0
261,"MOROCCAN MARCH",1975,600,2,230,"SPN",6,2,0,3
261,"MOROCCAN MARCH",1975,615,2,600,"MOR",8,1,0,0
261,"MOROCCAN MARCH",1975,600,2,615,"ALG",8,3,0,3
262,"BELIZE I",1975,90,7,200,"UKG",6,1,0,2
263,"COD WAR II",1975,395,6,200,"UKG",6,2,0,0
263,"COD WAR II",1975,200,7,395,"ICE",3,2,0,2
266,"UGANDA CLAIMS",1976,500,2,501,"KEN",3,1,0,3
269,"IRAQI THREAT",1976,645,7,652,"SYR",6,3,1,2
272,"AEGEAN SEA I",1976,640,7,350,"GRC",6,1,0,2
272,"AEGEAN SEA I",1976,350,7,640,"TUR",3,4,1,2
274,"POPLAR TREE",1976,2,7,731,"PRK",6,2,0,2
275,"SYRIA MOBILIZATION",1976,652,7,666,"ISR",6,3,1,2
276,"OPERATION TANGENT",1976,552,7,571,"BOT",7,1,0,3
277,"SHABA I",1977,490,2,540,"ANG",3,4,1,0
279,"BELIZE II",1977,90,7,200,"UKG",6,1,0,2
285,"FRENCH HOSTAGES MAUR.",1977,220,4,615,"ALG",3,1,0,1
287,"BEAGLE CHANNEL I",1977,160,7,155,"CHL",6,3,1,2
287,"BEAGLE CHANNEL I",1978,155,7,160,"ARG",6,3,1,2
288,"CHAD/LIBYA II",1978,483,4,620,"LIB",8,2,0,3
290,"CHAD/LIBYA III",1978,220,8,620,"LIB",8,2,0,2
292,"SHABA II",1978,490,2,540,"ANG",3,2,0,0
295,"BEAGLE CHANNEL II",1978,160,7,155,"CHL",6,3,1,2
295,"BEAGLE CHANNEL II",1978,155,7,160,"ARG",3,3,1,2
296,"FALL OF AMIN",1979,510,8,620,"LIB",8,4,0,2
297,"ANGOLA INVASION SCARE",1978,560,4,540,"ANG",6,1,0,2
298,"SINO/VIETNAM WAR",1978,816,8,710,"CHN",8,3,0,2
303,"AFGHANISTAN INVASION",1979,365,2,700,"AFG",8,4,0,0
303,"AFGHANISTAN INVASION",1979,365,8,770,"PAK",3,3,1,2
303,"AFGHANISTAN INVASION",1979,365,8,2,"USA",7,3,1,2
304,"CHAD/LIBYA IV",1979,483,2,620,"LIB",8,1,0,0
304,"CHAD/LIBYA IV",1979,620,8,220,"FRN",8,2,0,2
305,"GOULIMIME-TARFAYA RD",1979,600,2,615,"ALG",3,1,0,0
306,"SOVIET THREAT/PAK.",1979,365,2,770,"PAK",3,3,1,0
310,"COLOMBIA/NICARAGUA",1979,93,2,100,"COL",7,1,0,3
310,"COLOMBIA/NICARAGUA",1980,100,2,93,"NIC",3,4,1,2
311,"RAID ON GAFSA",1980,220,7,620,"LIB",6,4,1,2
314,"LIBYA THREAT-SADAT",1980,620,2,651,"EGY",6,1,0,0
314,"LIBYA THREAT-SADAT",1980,651,7,620,"LIB",6,3,1,2
316,"LIBYA/MALTA OIL DISP.",1980,620,7,338,"MLT",6,2,0,2
319,"JORDAN/SYRIA CONFRNT.",1980,652,7,663,"JOR",6,1,0,2
320,"E. AFRICA CONFRONT.",1980,520,2,530,"ETH",6,2,0,0
320,"E. AFRICA CONFRONT.",1980,520,2,501,"KEN",6,2,0,0
321,"CHAD/LIBYA V",1981,620,2,220,"FRN",6,1,0,0
321,"CHAD/LIBYA V",1981,220,7,620,"LIB",3,4,1,2
324,"IRAQ NUCLEAR REACTOR",1981,645,4,666,"ISR",9,1,0,4
325,"ESSEQUIBO II",1981,101,2,110,"GUY",6,3,1,0
325,"ESSEQUIBO II",1981,110,2,101,"VEN",3,3,1,0
326,"CONTRAS I",1981,91,7,93,"NIC",6,2,0,0
327,"AL-BIQA MISSILES I",1981,652,7,666,"ISR",3,3,1,2
328,"CAMEROON/NIGERIA I",1981,475,2,471,"CAO",3,4,1,1
330,"GULF OF SYRTE I",1981,2,5,620,"LIB",6,4,1,3
333,"U-137 INCIDENT",1981,365,2,380,"SWD",7,1,0,1
333,"U-137 INCIDENT",1981,380,2,365,"RUS",7,4,1,3
334,"COUP ATTEMPT IN BAHRAIN",1981,630,5,670,"SAU",3,1,0,2
336,"FALKLANDS/MALVINAS",1982,160,4,200,"UKG",6,1,0,0
336,"FALKLANDS/MALVINAS",1982,200,7,160,"ARG",8,4,0,2
338,"OGADEN III",1982,2,7,530,"ETH",8,3,0,2
340,"LIBYA THREAT/SUDAN",1983,620,7,625,"SUD",6,1,0,2
340,"LIBYA THREAT/SUDAN",1983,620,7,651,"EGY",6,1,0,2
340,"LIBYA THREAT/SUDAN",1983,2,7,620,"LIB",6,2,0,1
342,"CHAD/LIBYA VI",1983,620,8,220,"FRN",6,2,0,1
342,"CHAD/LIBYA VI",1983,220,7,620,"LIB",3,1,0,2
343,"INVASION OF GRENADA",1983,55,8,2,"USA",8,1,0,1
343,"INVASION OF GRENADA",1983,2,7,55,"GRN",3,4,1,2
344,"ABLE ARCHER 83",1983,2,7,365,"RUS",6,3,1,2
346,"ETHIOP./SUDAN TENSION",1983,530,7,625,"SUD",6,1,0,2
350,"OMDURMAN BOMBING",1984,620,8,651,"EGY",3,1,0,1
350,"OMDURMAN BOMBING",1984,2,4,620,"LIB",3,2,0,1
353,"THREE VILLAGE BDR. I",1984,812,7,800,"THI",8,2,0,3
354,"NICARAGUA MIG-21S",1984,365,4,2,"USA",7,3,1,1
354,"NICARAGUA MIG-21S",1984,2,7,93,"NIC",3,3,1,1
356,"EXPULSION-TUNISIANS",1985,620,7,616,"TUN",6,1,0,2
357,"AL-BIQA MISSILES II",1985,652,7,666,"ISR",3,1,0,2
358,"EGYPT AIR HIJACKING",1985,651,7,620,"LIB",2,1,0,2
359,"BURKINA FASO/MALI BDR",1985,439,7,432,"MLI",8,3,0,3
361,"CAPTURE OF AL-FAW",1986,630,8,690,"KUW",3,3,1,2
361,"CAPTURE OF AL-FAW",1986,630,8,670,"SAU",3,3,1,2
362,"CHAD/LIBYA VII",1986,620,8,220,"FRN",8,3,0,2
363,"GULF OF SYRTE II",1986,2,7,620,"LIB",9,4,0,2
367,"MOZAMBIQUE ULTIMATUM",1986,541,2,553,"MAW",3,4,1,0
372,"PUNJAB WAR SCARE II",1987,770,7,750,"IND",6,3,1,2
372,"PUNJAB WAR SCARE II",1987,750,7,770,"PAK",3,3,1,2
375,"SAND WALL",1987,600,7,435,"MAA",3,3,1,4
375,"SAND WALL",1987,600,7,615,"ALG",3,3,1,4
376,"AEGEAN SEA III",1987,640,2,350,"GRC",6,3,1,3
376,"AEGEAN SEA III",1987,350,2,640,"TUR",6,3,1,3
377,"CAMEROON/NIGERIA II",1987,471,7,475,"NIG",6,1,0,1
378,"INDIA INT./SRI LANKA",1987,780,7,750,"IND",6,1,0,3
378,"INDIA INT./SRI LANKA",1987,750,7,780,"SRI",3,2,0,1
383,"CONTRAS III",1988,2,7,93,"NIC",6,4,1,2
391,"INVASION OF PANAMA",1989,95,2,2,"USA",8,1,0,3
392,"KASHMIR III-NUCLEAR",1990,770,2,750,"IND",3,3,1,0
392,"KASHMIR III-NUCLEAR",1990,750,2,770,"PAK",9,3,0,0
396,"GHANA/TOGO BORDER II",1991,461,7,452,"GHA",2,3,1,0
397,"YUGOSLAVIA I: CROATIA-SLOVENIA",1991,345,7,349,"SLV",9,2,0,2
397,"YUGOSLAVIA I: CROATIA-SLOVENIA",1991,345,7,344,"CRO",9,2,0,2
400,"ECUADOR/PERUBDR. IV",1991,135,7,130,"ECU",7,2,0,1
400,"ECUADOR/PERUBDR. IV",1991,130,2,135,"PER",7,2,0,0
401,"NAGORNYY-KARABAKH",1991,373,6,371,"ARM",8,3,0,3
402,"EGYPT/SUDAN BDR. II",1992,625,2,651,"EGY",3,3,1,3
403,"YUGOSLAVIA II: BOSNIA",1992,346,2,345,"YUG",8,2,0,3
404,"PAPUA/SOLOMON",1992,940,7,910,"PNG",3,2,0,2
407,"GEORGIA/ABKHAZIA",1992,365,2,372,"GRG",8,2,0,0
408,"N. KOREA NUCLEAR I",1993,731,2,732,"ROK",4,2,0,0
408,"N. KOREA NUCLEAR I",1993,731,2,2,"USA",4,2,0,0
410,"CAMEROON/NIGERIA III",1994,475,7,471,"CAO",6,3,1,2
411,"HAITI MIL. REGIME",1994,2,5,41,"HAI",9,2,0,3
412,"IRAQ DEPLOY./KUWAIT",1994,645,7,690,"KUW",7,1,0,2
412,"IRAQ DEPLOY./KUWAIT",1994,645,7,670,"SAU",7,1,0,2
412,"IRAQ DEPLOY./KUWAIT",1994,645,7,2,"USA",7,1,0,2
412,"IRAQ DEPLOY./KUWAIT",1994,2,7,645,"IRQ",7,4,1,2
414,"SPRATLY ISLANDS",1995,710,7,840,"PHI",6,4,1,2
415,"TAIWAN STRAIT IV",1995,710,7,713,"TAW",2,3,1,1
417,"AEGEAN SEA IV",1996,350,5,640,"TUR",6,1,0,3
417,"AEGEAN SEA IV",1996,640,7,350,"GRC",6,4,1,2
419,"DESERT STRIKE",1996,2,7,645,"IRQ",8,4,0,1
419,"DESERT STRIKE",1996,645,8,2,"USA",8,1,0,2
420,"N. KOREAN SUBMARINE",1996,731,7,732,"ROK",8,1,0,1
420,"N. KOREAN SUBMARINE",1996,732,5,731,"PRK",2,2,0,0
422,"UNSCOM I",1997,645,2,2,"USA",6,1,0,0
422,"UNSCOM I",1997,2,7,645,"IRQ",3,2,0,2
423,"CYPRUS/TURKEY MISSILE",1998,352,4,640,"TUR",7,1,0,4
423,"CYPRUS/TURKEY MISSILE",1998,640,1,352,"CYP",2,2,0,0
425,"INDIA/PAKISTAN NUCLEAR TESTS",1998,750,7,770,"PAK",6,2,0,1
426,"DRC CIVIL WAR",1998,490,2,517,"RWA",8,2,0,0
426,"DRC CIVIL WAR",1998,517,8,540,"ANG",6,2,0,1
426,"DRC CIVIL WAR",1998,517,8,483,"CHA",6,2,0,1
426,"DRC CIVIL WAR",1998,517,8,565,"NAM",6,2,0,1
426,"DRC CIVIL WAR",1998,517,8,552,"ZIM",6,1,0,1
426,"DRC CIVIL WAR",1998,552,7,500,"UGA",6,1,0,2
428,"SYRIA/TURKEY",1998,640,1,652,"SYR",2,2,0,0
429,"UNSCOM II",1998,645,2,200,"UKG",8,2,0,0
429,"UNSCOM II",1998,645,2,2,"USA",8,2,0,0
430,"KOSOVO",1999,345,2,339,"ALB",2,1,0,0
430,"KOSOVO",1999,345,2,211,"BEL",8,1,0,0
430,"KOSOVO",1999,345,2,20,"CAN",8,1,0,0
430,"KOSOVO",1999,345,2,220,"FRN",8,1,0,0
430,"KOSOVO",1999,345,2,260,"GFR",8,1,0,0
430,"KOSOVO",1999,345,2,325,"ITA",8,1,0,0
430,"KOSOVO",1999,345,2,210,"NTH",8,1,0,0
430,"KOSOVO",1999,345,2,235,"POR",8,1,0,0
430,"KOSOVO",1999,345,2,230,"SPN",8,1,0,0
430,"KOSOVO",1999,345,2,200,"UKG",8,1,0,0
430,"KOSOVO",1999,345,2,2,"USA",8,1,0,0
433,"CASPIAN SEA",2001,630,7,373,"AZE",2,3,1,3
436,"KALUCHAK",2002,750,7,770,"PAK",7,3,1,2
438,"PARSLEY ISLAND",2002,600,7,230,"SPN",6,1,0,2
438,"PARSLEY ISLAND",2002,230,7,600,"MOR",2,4,1,2
440,"IRAQ REGIME CHANGE",2002,2,1,645,"IRQ",3,4,1,0
440,"IRAQ REGIME CHANGE",2003,645,2,200,"UKG",8,1,0,0
440,"IRAQ REGIME CHANGE",2003,645,2,2,"USA",8,1,0,0
441,"N. KOREA NUCLEAR II",2002,731,1,2,"USA",4,2,0,0
441,"N. KOREA NUCLEAR II",2002,2,1,731,"PRK",2,2,0,0
444,"DRC/RWANDA",2004,490,1,517,"RWA",6,2,0,0
445,"S. OSSETIA/ABKHAZIA",2004,372,1,365,"RUS",2,2,0,0
446,"ETHIOPIA-ERITREA II",2005,531,2,530,"ETH",6,3,1,0
446,"ETHIOPIA-ERITREA II",2005,530,1,531,"ERI",6,3,1,0
447,"CHAD-SUDAN I",2005,483,2,625,"SUD",2,1,0,0
448,"IRAN NUCLEAR II",2006,630,5,220,"FRN",2,2,0,3
448,"IRAN NUCLEAR II",2006,630,5,200,"UKG",2,2,0,3
448,"IRAN NUCLEAR II",2006,630,5,2,"USA",2,2,0,3
448,"IRAN NUCLEAR II",2006,2,1,630,"IRN",2,2,0,0
450,"N. KOREA NUCLEAR III",2006,731,4,2,"USA",2,2,0,2
454,"ETHIOPIA-ERITREA III",2007,530,2,531,"ERI",7,3,1,3
454,"ETHIOPIA-ERITREA III",2007,531,2,530,"ETH",7,3,1,3
455,"CHAD-SUDAN IV",2007,625,7,483,"CHA",8,3,0,2
456,"DJIBOUTI-ERITREA",2008,531,7,522,"DJI",3,3,1,2
457,"PREAH VIHEAR TEMPLE I",2008,811,4,800,"THI",6,3,1,0
457,"PREAH VIHEAR TEMPLE I",2008,800,7,811,"CAM",7,3,1,2
458,"RUSSO-GEORGIAN WAR",2008,365,7,372,"GRG",8,3,0,2
459,"N. KOREA NUCLEAR IV-SATELLITE LAUNCH",2009,731,1,2,"USA",7,3,1,0
459,"N. KOREA NUCLEAR IV-SATELLITE LAUNCH",2009,731,1,732,"ROK",7,3,1,0
459,"N. KOREA NUCLEAR IV-SATELLITE LAUNCH",2009,731,1,740,"JPN",7,3,1,0
460,"CHAD-SUDAN V",2009,483,1,625,"SUD",2,2,0,2
461,"CHEONAN SINKING",2010,732,3,731,"PRK",6,3,1,0
462,"YEONPYEONG ISLAND",2010,732,7,731,"PRK",8,3,0,2
464,"LIBYAN CIVILWAR",2011,620,8,2,"USA",9,1,0,1
464,"LIBYAN CIVILWAR",2011,620,8,200,"UKG",9,1,0,1
464,"LIBYAN CIVILWAR",2011,620,8,220,"FRN",9,1,0,1
464,"LIBYAN CIVILWAR",2011,620,8,20,"CAN",9,1,0,1
464,"LIBYAN CIVILWAR",2011,620,8,325,"ITA",9,1,0,1
464,"LIBYAN CIVILWAR",2011,620,8,694,"QAT",9,1,0,1
467,"SCARBOROUGH SHOAL",2012,710,5,840,"PHI",5,3,1,2
469,"N. KOREA NUCLEAR V",2013,731,7,732,"ROK",7,3,1,2
469,"N. KOREA NUCLEAR V",2013,731,7,2,"USA",7,3,1,2
469,"N. KOREA NUCLEAR V",2013,731,7,740,"JPN",5,3,1,2
470,"SYRIA CHEMICAL WEAPONS",2013,652,8,2,"USA",7,2,0,1
470,"SYRIA CHEMICAL WEAPONS",2013,2,7,652,"SYR",3,2,0,2
471,"CRIMEA-DONBASS",2014,369,4,365,"RUS",8,1,0,3
472,"CHINESE OIL RIG",2014,710,5,816,"DRV",5,3,1,2
472,"CHINESE OIL RIG",2014,816,5,710,"CHN",2,3,1,2
475,"KOREAN LAND MINE",2015,732,2,731,"PRK",3,2,0,1
476,"TURKEY-RUSSIA JET INCIDENT",2015,640,8,390,"DEN",3,2,0,1
476,"TURKEY-RUSSIA JET INCIDENT",2015,640,8,220,"FRN",3,2,0,1
476,"TURKEY-RUSSIA JET INCIDENT",2015,640,8,260,"GFR",3,2,0,1
476,"TURKEY-RUSSIA JET INCIDENT",2015,640,8,200,"UKG",3,2,0,1
476,"TURKEY-RUSSIA JET INCIDENT",2015,640,8,2,"USA",3,2,0,1
477,"NORTH KOREA NUCLEAR VI",2016,731,7,732,"ROK",3,3,1,2
477,"NORTH KOREA NUCLEAR VI",2016,731,7,2,"USA",4,3,1,2
477,"NORTH KOREA NUCLEAR VI",2016,731,7,740,"JPN",4,3,1,2
479,"EAST CHINA SEA",2016,710,7,740,"JPN",7,3,1,2
482,"URI BASE ATTACK",2016,750,1,770,"PAK",2,3,1,0
484,"SERBIAN TRAIN INCIDENT",2017,345,5,347,"KOS",6,3,1,1
484,"SERBIAN TRAIN INCIDENT",2017,347,7,345,"SER",2,3,1,2
486,"SYRIA CHEMICAL WEAPONS II",2017,652,8,2,"USA",8,3,0,1
486,"SYRIA CHEMICAL WEAPONS II",2017,2,8,365,"RUS",2,3,1,1
487,"NORTH KOREA NUCLEAR VII",2017,731,7,2,"USA",7,2,0,2
487,"NORTH KOREA NUCLEAR VII",2017,731,7,732,"ROK",6,2,0,2
487,"NORTH KOREA NUCLEAR VII",2017,731,7,740,"JPN",2,3,1,2
488,"ISRAEL-IRAN CLASHES IN SYRIA",2018,630,7,666,"ISR",8,2,0,1
489,"SYRIA CHEMICAL WEAPONS III",2018,2,1,652,"SYR",2,2,0,0
489,"SYRIA CHEMICAL WEAPONS III",2018,2,1,365,"RUS",2,1,0,0
490,"UAE WITHDRAWAL FROM SOMALIA",2018,696,5,520,"SOM",2,3,1,0
491,"SEA OF AZOV",2018,369,7,365,"RUS",6,3,1,4
493,"VENEZUELAN ELECTION",2019,2,2,101,"VEN",5,3,1,3
495,"SOLEIMANI ASSASSINATION",2019,2,7,630,"IRN",8,3,0,2
