﻿"LOCATION","INDICATOR","SUBJECT","MEASURE","FREQUENCY","TIME","Value","Flag Codes"
"AUS","GDP","TOT","USD_CAP","A","2010",42816.42896,
"AUS","GDP","TOT","USD_CAP","A","2011",44440.579478,
"AUS","GDP","TOT","USD_CAP","A","2012",43884.635595,
"AUS","GDP","TOT","USD_CAP","A","2013",47763.2159,
"AUS","GDP","TOT","USD_CAP","A","2014",47606.754929,
"AUS","GDP","TOT","USD_CAP","A","2015",47226.759745,
"AUS","GDP","TOT","USD_CAP","A","2016",50136.798381,
"AUS","GDP","TOT","USD_CAP","A","2017",50706.489861,
"AUS","GDP","TOT","USD_CAP","A","2018",53025.386896,
"AUS","GDP","TOT","USD_CAP","A","2019",52785.250556,
"AUS","GDP","TOT","USD_CAP","A","2020",55772.741079,
"AUT","GDP","TOT","USD_CAP","A","2010",42019.005887,
"AUT","GDP","TOT","USD_CAP","A","2011",44469.209642,
"AUT","GDP","TOT","USD_CAP","A","2012",46477.655075,
"AUT","GDP","TOT","USD_CAP","A","2013",47936.677963,
"AUT","GDP","TOT","USD_CAP","A","2014",48813.534409,
"AUT","GDP","TOT","USD_CAP","A","2015",49942.056293,
"AUT","GDP","TOT","USD_CAP","A","2016",52665.087457,
"AUT","GDP","TOT","USD_CAP","A","2017",54188.360666,
"AUT","GDP","TOT","USD_CAP","A","2018",56956.110562,
"AUT","GDP","TOT","USD_CAP","A","2019",59719.612013,
"AUT","GDP","TOT","USD_CAP","A","2020",57258.818295,
"BEL","GDP","TOT","USD_CAP","A","2010",39836.533412,
"BEL","GDP","TOT","USD_CAP","A","2011",40943.343479,
"BEL","GDP","TOT","USD_CAP","A","2012",42290.477674,
"BEL","GDP","TOT","USD_CAP","A","2013",43672.712292,
"BEL","GDP","TOT","USD_CAP","A","2014",44929.933328,
"BEL","GDP","TOT","USD_CAP","A","2015",46201.685891,
"BEL","GDP","TOT","USD_CAP","A","2016",48599.202676,
"BEL","GDP","TOT","USD_CAP","A","2017",50442.947518,
"BEL","GDP","TOT","USD_CAP","A","2018",52530.84151,
"BEL","GDP","TOT","USD_CAP","A","2019",55804.713631,
"BEL","GDP","TOT","USD_CAP","A","2020",54544.41924,"P"
"CAN","GDP","TOT","USD_CAP","A","2010",40099.497886,
"CAN","GDP","TOT","USD_CAP","A","2011",41666.718851,
"CAN","GDP","TOT","USD_CAP","A","2012",42290.879082,
"CAN","GDP","TOT","USD_CAP","A","2013",44298.514462,
"CAN","GDP","TOT","USD_CAP","A","2014",45753.782936,
"CAN","GDP","TOT","USD_CAP","A","2015",44670.054374,
"CAN","GDP","TOT","USD_CAP","A","2016",46472.368771,
"CAN","GDP","TOT","USD_CAP","A","2017",48317.191163,
"CAN","GDP","TOT","USD_CAP","A","2018",49992.811418,
"CAN","GDP","TOT","USD_CAP","A","2019",49832.414539,
"CAN","GDP","TOT","USD_CAP","A","2020",47226.357276,
"CZE","GDP","TOT","USD_CAP","A","2010",27766.983552,
"CZE","GDP","TOT","USD_CAP","A","2011",28999.754757,
"CZE","GDP","TOT","USD_CAP","A","2012",29258.904853,
"CZE","GDP","TOT","USD_CAP","A","2013",30828.526409,
"CZE","GDP","TOT","USD_CAP","A","2014",32504.217576,
"CZE","GDP","TOT","USD_CAP","A","2015",33909.309243,
"CZE","GDP","TOT","USD_CAP","A","2016",36101.285601,
"CZE","GDP","TOT","USD_CAP","A","2017",38842.896268,
"CZE","GDP","TOT","USD_CAP","A","2018",41157.370409,
"CZE","GDP","TOT","USD_CAP","A","2019",44223.295751,
"CZE","GDP","TOT","USD_CAP","A","2020",42817.867499,
"DNK","GDP","TOT","USD_CAP","A","2010",43006.150516,
"DNK","GDP","TOT","USD_CAP","A","2011",44407.94207,
"DNK","GDP","TOT","USD_CAP","A","2012",44808.549212,
"DNK","GDP","TOT","USD_CAP","A","2013",46742.939663,
"DNK","GDP","TOT","USD_CAP","A","2014",47905.477079,
"DNK","GDP","TOT","USD_CAP","A","2015",49058.142344,
"DNK","GDP","TOT","USD_CAP","A","2016",51967.020438,
"DNK","GDP","TOT","USD_CAP","A","2017",55356.49009,
"DNK","GDP","TOT","USD_CAP","A","2018",57479.350221,
"DNK","GDP","TOT","USD_CAP","A","2019",59884.11738,
"DNK","GDP","TOT","USD_CAP","A","2020",60768.060489,
"FIN","GDP","TOT","USD_CAP","A","2010",38954.131777,
"FIN","GDP","TOT","USD_CAP","A","2011",40916.647325,
"FIN","GDP","TOT","USD_CAP","A","2012",40872.854802,
"FIN","GDP","TOT","USD_CAP","A","2013",41492.918416,
"FIN","GDP","TOT","USD_CAP","A","2014",41749.864733,
"FIN","GDP","TOT","USD_CAP","A","2015",42490.211049,
"FIN","GDP","TOT","USD_CAP","A","2016",44934.488245,
"FIN","GDP","TOT","USD_CAP","A","2017",47570.270354,
"FIN","GDP","TOT","USD_CAP","A","2018",49573.255773,
"FIN","GDP","TOT","USD_CAP","A","2019",51811.599332,
"FIN","GDP","TOT","USD_CAP","A","2020",52294.342491,
"FRA","GDP","TOT","USD_CAP","A","2010",35910.195851,
"FRA","GDP","TOT","USD_CAP","A","2011",37447.949543,
"FRA","GDP","TOT","USD_CAP","A","2012",37684.198067,
"FRA","GDP","TOT","USD_CAP","A","2013",39528.473644,
"FRA","GDP","TOT","USD_CAP","A","2014",40144.059485,
"FRA","GDP","TOT","USD_CAP","A","2015",40829.893311,
"FRA","GDP","TOT","USD_CAP","A","2016",42855.944562,
"FRA","GDP","TOT","USD_CAP","A","2017",44444.934559,
"FRA","GDP","TOT","USD_CAP","A","2018",46336.933985,
"FRA","GDP","TOT","USD_CAP","A","2019",50226.680167,
"FRA","GDP","TOT","USD_CAP","A","2020",47829.935222,
"DEU","GDP","TOT","USD_CAP","A","2010",39675.00238,
"DEU","GDP","TOT","USD_CAP","A","2011",42541.513126,
"DEU","GDP","TOT","USD_CAP","A","2012",43359.541048,
"DEU","GDP","TOT","USD_CAP","A","2013",44993.667838,
"DEU","GDP","TOT","USD_CAP","A","2014",47011.280402,
"DEU","GDP","TOT","USD_CAP","A","2015",47609.557159,
"DEU","GDP","TOT","USD_CAP","A","2016",50579.483717,
"DEU","GDP","TOT","USD_CAP","A","2017",53071.478374,
"DEU","GDP","TOT","USD_CAP","A","2018",55195.722049,
"DEU","GDP","TOT","USD_CAP","A","2019",57411.520685,"P"
"DEU","GDP","TOT","USD_CAP","A","2020",56454.181109,"P"
"GRC","GDP","TOT","USD_CAP","A","2010",27911.57449,"B"
"GRC","GDP","TOT","USD_CAP","A","2011",25671.409119,
"GRC","GDP","TOT","USD_CAP","A","2012",24911.130276,
"GRC","GDP","TOT","USD_CAP","A","2013",25986.640698,
"GRC","GDP","TOT","USD_CAP","A","2014",26625.159298,
"GRC","GDP","TOT","USD_CAP","A","2015",26760.280798,
"GRC","GDP","TOT","USD_CAP","A","2016",27511.803202,
"GRC","GDP","TOT","USD_CAP","A","2017",28604.829152,
"GRC","GDP","TOT","USD_CAP","A","2018",29617.518625,
"GRC","GDP","TOT","USD_CAP","A","2019",31155.946796,
"GRC","GDP","TOT","USD_CAP","A","2020",28416.523031,"P"
"HUN","GDP","TOT","USD_CAP","A","2010",21741.545922,
"HUN","GDP","TOT","USD_CAP","A","2011",23029.447178,
"HUN","GDP","TOT","USD_CAP","A","2012",23267.448393,
"HUN","GDP","TOT","USD_CAP","A","2013",24547.980456,
"HUN","GDP","TOT","USD_CAP","A","2014",25691.527335,
"HUN","GDP","TOT","USD_CAP","A","2015",26798.854228,
"HUN","GDP","TOT","USD_CAP","A","2016",27941.926751,
"HUN","GDP","TOT","USD_CAP","A","2017",29496.163748,
"HUN","GDP","TOT","USD_CAP","A","2018",31908.863431,
"HUN","GDP","TOT","USD_CAP","A","2019",34645.565383,
"HUN","GDP","TOT","USD_CAP","A","2020",34169.922355,
"ISL","GDP","TOT","USD_CAP","A","2010",39778.39158,
"ISL","GDP","TOT","USD_CAP","A","2011",40938.664549,
"ISL","GDP","TOT","USD_CAP","A","2012",42006.543346,
"ISL","GDP","TOT","USD_CAP","A","2013",44404.731588,
"ISL","GDP","TOT","USD_CAP","A","2014",45995.001692,
"ISL","GDP","TOT","USD_CAP","A","2015",49203.294991,
"ISL","GDP","TOT","USD_CAP","A","2016",53486.615773,
"ISL","GDP","TOT","USD_CAP","A","2017",55638.491978,
"ISL","GDP","TOT","USD_CAP","A","2018",57201.173335,
"ISL","GDP","TOT","USD_CAP","A","2019",59601.931544,
"ISL","GDP","TOT","USD_CAP","A","2020",54298.422112,
"IRL","GDP","TOT","USD_CAP","A","2010",43211.902863,
"IRL","GDP","TOT","USD_CAP","A","2011",45132.175891,
"IRL","GDP","TOT","USD_CAP","A","2012",46304.784189,
"IRL","GDP","TOT","USD_CAP","A","2013",47836.18565,
"IRL","GDP","TOT","USD_CAP","A","2014",51296.92985,
"IRL","GDP","TOT","USD_CAP","A","2015",69305.538798,
"IRL","GDP","TOT","USD_CAP","A","2016",71505.746281,
"IRL","GDP","TOT","USD_CAP","A","2017",78252.205616,
"IRL","GDP","TOT","USD_CAP","A","2018",85034.728547,
"IRL","GDP","TOT","USD_CAP","A","2019",89759.238887,
"IRL","GDP","TOT","USD_CAP","A","2020",94646.640757,
"ITA","GDP","TOT","USD_CAP","A","2010",34838.135774,
"ITA","GDP","TOT","USD_CAP","A","2011",36203.328522,
"ITA","GDP","TOT","USD_CAP","A","2012",36091.373957,
"ITA","GDP","TOT","USD_CAP","A","2013",36267.925352,
"ITA","GDP","TOT","USD_CAP","A","2014",36475.976061,
"ITA","GDP","TOT","USD_CAP","A","2015",37206.331822,
"ITA","GDP","TOT","USD_CAP","A","2016",40267.222623,
"ITA","GDP","TOT","USD_CAP","A","2017",41951.466331,
"ITA","GDP","TOT","USD_CAP","A","2018",43427.663143,
"ITA","GDP","TOT","USD_CAP","A","2019",45799.741922,
"ITA","GDP","TOT","USD_CAP","A","2020",43144.404157,
"JPN","GDP","TOT","USD_CAP","A","2010",35342.824721,
"JPN","GDP","TOT","USD_CAP","A","2011",36215.006272,
"JPN","GDP","TOT","USD_CAP","A","2012",37628.675989,
"JPN","GDP","TOT","USD_CAP","A","2013",39436.682585,
"JPN","GDP","TOT","USD_CAP","A","2014",39559.763471,
"JPN","GDP","TOT","USD_CAP","A","2015",40908.781547,
"JPN","GDP","TOT","USD_CAP","A","2016",40642.704531,
"JPN","GDP","TOT","USD_CAP","A","2017",41531.221619,
"JPN","GDP","TOT","USD_CAP","A","2018",42264.585123,
"JPN","GDP","TOT","USD_CAP","A","2019",42427.125075,
"JPN","GDP","TOT","USD_CAP","A","2020",41867.153393,
"KOR","GDP","TOT","USD_CAP","A","2010",31736.700156,
"KOR","GDP","TOT","USD_CAP","A","2011",32546.517725,
"KOR","GDP","TOT","USD_CAP","A","2012",33557.030447,
"KOR","GDP","TOT","USD_CAP","A","2013",34244.239492,
"KOR","GDP","TOT","USD_CAP","A","2014",35324.260296,
"KOR","GDP","TOT","USD_CAP","A","2015",37902.361018,
"KOR","GDP","TOT","USD_CAP","A","2016",39575.302078,
"KOR","GDP","TOT","USD_CAP","A","2017",40957.347064,
"KOR","GDP","TOT","USD_CAP","A","2018",43044.340145,
"KOR","GDP","TOT","USD_CAP","A","2019",43410.152957,
"KOR","GDP","TOT","USD_CAP","A","2020",44694.939796,
"LUX","GDP","TOT","USD_CAP","A","2010",90252.977242,
"LUX","GDP","TOT","USD_CAP","A","2011",94278.922851,
"LUX","GDP","TOT","USD_CAP","A","2012",96535.745828,
"LUX","GDP","TOT","USD_CAP","A","2013",100561.366405,
"LUX","GDP","TOT","USD_CAP","A","2014",104917.945675,
"LUX","GDP","TOT","USD_CAP","A","2015",107898.304236,
"LUX","GDP","TOT","USD_CAP","A","2016",112955.470175,
"LUX","GDP","TOT","USD_CAP","A","2017",114862.528755,
"LUX","GDP","TOT","USD_CAP","A","2018",116334.724739,
"LUX","GDP","TOT","USD_CAP","A","2019",119253.372812,
"LUX","GDP","TOT","USD_CAP","A","2020",119882.982023,
"MEX","GDP","TOT","USD_CAP","A","2010",15228.501123,
"MEX","GDP","TOT","USD_CAP","A","2011",16521.774435,
"MEX","GDP","TOT","USD_CAP","A","2012",17195.057014,
"MEX","GDP","TOT","USD_CAP","A","2013",17437.042083,
"MEX","GDP","TOT","USD_CAP","A","2014",18153.351036,
"MEX","GDP","TOT","USD_CAP","A","2015",18430.218897,
"MEX","GDP","TOT","USD_CAP","A","2016",19791.259772,
"MEX","GDP","TOT","USD_CAP","A","2017",20201.856549,
"MEX","GDP","TOT","USD_CAP","A","2018",20561.246895,
"MEX","GDP","TOT","USD_CAP","A","2019",20244.557477,
"MEX","GDP","TOT","USD_CAP","A","2020",18465.575374,"P"
"NLD","GDP","TOT","USD_CAP","A","2010",45042.666206,
"NLD","GDP","TOT","USD_CAP","A","2011",46599.227659,
"NLD","GDP","TOT","USD_CAP","A","2012",47271.968226,
"NLD","GDP","TOT","USD_CAP","A","2013",49242.786711,
"NLD","GDP","TOT","USD_CAP","A","2014",49233.230349,
"NLD","GDP","TOT","USD_CAP","A","2015",50288.352815,
"NLD","GDP","TOT","USD_CAP","A","2016",52289.404292,
"NLD","GDP","TOT","USD_CAP","A","2017",55089.58143,
"NLD","GDP","TOT","USD_CAP","A","2018",57825.399708,
"NLD","GDP","TOT","USD_CAP","A","2019",60207.9957,
"NLD","GDP","TOT","USD_CAP","A","2020",59821.266235,
"NZL","GDP","TOT","USD_CAP","A","2010",31138.14575,
"NZL","GDP","TOT","USD_CAP","A","2011",32638.103325,
"NZL","GDP","TOT","USD_CAP","A","2012",32916.91304,
"NZL","GDP","TOT","USD_CAP","A","2013",36084.865782,
"NZL","GDP","TOT","USD_CAP","A","2014",37084.794142,
"NZL","GDP","TOT","USD_CAP","A","2015",37246.951138,
"NZL","GDP","TOT","USD_CAP","A","2016",39696.946073,
"NZL","GDP","TOT","USD_CAP","A","2017",41994.487818,
"NZL","GDP","TOT","USD_CAP","A","2018",42320.906448,
"NZL","GDP","TOT","USD_CAP","A","2019",45518.307468,
"NZL","GDP","TOT","USD_CAP","A","2020",45457.178769,
"NOR","GDP","TOT","USD_CAP","A","2010",58229.713025,
"NOR","GDP","TOT","USD_CAP","A","2011",62461.20278,
"NOR","GDP","TOT","USD_CAP","A","2012",65768.753269,
"NOR","GDP","TOT","USD_CAP","A","2013",67372.928181,
"NOR","GDP","TOT","USD_CAP","A","2014",66335.459647,
"NOR","GDP","TOT","USD_CAP","A","2015",60721.583813,
"NOR","GDP","TOT","USD_CAP","A","2016",59263.430471,
"NOR","GDP","TOT","USD_CAP","A","2017",64589.163172,
"NOR","GDP","TOT","USD_CAP","A","2018",70252.735449,
"NOR","GDP","TOT","USD_CAP","A","2019",69915.01766,
"NOR","GDP","TOT","USD_CAP","A","2020",65135.920669,
"POL","GDP","TOT","USD_CAP","A","2010",20632.568496,
"POL","GDP","TOT","USD_CAP","A","2011",22386.227115,
"POL","GDP","TOT","USD_CAP","A","2012",23300.922905,
"POL","GDP","TOT","USD_CAP","A","2013",24028.186721,
"POL","GDP","TOT","USD_CAP","A","2014",25005.655694,
"POL","GDP","TOT","USD_CAP","A","2015",26495.814917,
"POL","GDP","TOT","USD_CAP","A","2016",27830.927735,
"POL","GDP","TOT","USD_CAP","A","2017",29609.446369,
"POL","GDP","TOT","USD_CAP","A","2018",31662.210541,
"POL","GDP","TOT","USD_CAP","A","2019",34592.873746,
"POL","GDP","TOT","USD_CAP","A","2020",34896.8226,
"PRT","GDP","TOT","USD_CAP","A","2010",27260.554162,
"PRT","GDP","TOT","USD_CAP","A","2011",26769.42769,
"PRT","GDP","TOT","USD_CAP","A","2012",26438.140472,
"PRT","GDP","TOT","USD_CAP","A","2013",27936.006299,
"PRT","GDP","TOT","USD_CAP","A","2014",28742.313125,
"PRT","GDP","TOT","USD_CAP","A","2015",29660.845901,
"PRT","GDP","TOT","USD_CAP","A","2016",31607.610185,
"PRT","GDP","TOT","USD_CAP","A","2017",33044.70015,
"PRT","GDP","TOT","USD_CAP","A","2018",34928.61899,
"PRT","GDP","TOT","USD_CAP","A","2019",37299.182306,
"PRT","GDP","TOT","USD_CAP","A","2020",34955.61156,
"SVK","GDP","TOT","USD_CAP","A","2010",25221.414441,
"SVK","GDP","TOT","USD_CAP","A","2011",26260.184756,
"SVK","GDP","TOT","USD_CAP","A","2012",27000.730262,
"SVK","GDP","TOT","USD_CAP","A","2013",28021.090416,
"SVK","GDP","TOT","USD_CAP","A","2014",29029.587681,
"SVK","GDP","TOT","USD_CAP","A","2015",30062.179649,
"SVK","GDP","TOT","USD_CAP","A","2016",29737.53009,
"SVK","GDP","TOT","USD_CAP","A","2017",30147.015977,
"SVK","GDP","TOT","USD_CAP","A","2018",31374.187996,
"SVK","GDP","TOT","USD_CAP","A","2019",33458.809067,
"SVK","GDP","TOT","USD_CAP","A","2020",32911.918804,
"ESP","GDP","TOT","USD_CAP","A","2010",31690.887692,
"ESP","GDP","TOT","USD_CAP","A","2011",31872.363088,
"ESP","GDP","TOT","USD_CAP","A","2012",31724.785352,
"ESP","GDP","TOT","USD_CAP","A","2013",32463.123679,
"ESP","GDP","TOT","USD_CAP","A","2014",33558.976673,
"ESP","GDP","TOT","USD_CAP","A","2015",34945.481614,
"ESP","GDP","TOT","USD_CAP","A","2016",37333.06491,
"ESP","GDP","TOT","USD_CAP","A","2017",39601.479631,
"ESP","GDP","TOT","USD_CAP","A","2018",40776.768298,
"ESP","GDP","TOT","USD_CAP","A","2019",43135.741954,
"ESP","GDP","TOT","USD_CAP","A","2020",37996.030376,"P"
"SWE","GDP","TOT","USD_CAP","A","2010",42221.760198,
"SWE","GDP","TOT","USD_CAP","A","2011",44608.584887,
"SWE","GDP","TOT","USD_CAP","A","2012",45432.431014,
"SWE","GDP","TOT","USD_CAP","A","2013",46312.397402,
"SWE","GDP","TOT","USD_CAP","A","2014",47184.673173,
"SWE","GDP","TOT","USD_CAP","A","2015",49103.131953,
"SWE","GDP","TOT","USD_CAP","A","2016",50430.25079,
"SWE","GDP","TOT","USD_CAP","A","2017",51947.95578,
"SWE","GDP","TOT","USD_CAP","A","2018",53521.635778,
"SWE","GDP","TOT","USD_CAP","A","2019",56404.297122,
"SWE","GDP","TOT","USD_CAP","A","2020",56140.551353,
"CHE","GDP","TOT","USD_CAP","A","2010",54349.191874,
"CHE","GDP","TOT","USD_CAP","A","2011",57493.56602,
"CHE","GDP","TOT","USD_CAP","A","2012",59440.934085,
"CHE","GDP","TOT","USD_CAP","A","2013",61656.490978,
"CHE","GDP","TOT","USD_CAP","A","2014",63417.043081,
"CHE","GDP","TOT","USD_CAP","A","2015",65265.050827,
"CHE","GDP","TOT","USD_CAP","A","2016",67350.735189,
"CHE","GDP","TOT","USD_CAP","A","2017",68193.502958,
"CHE","GDP","TOT","USD_CAP","A","2018",70688.84449,
"CHE","GDP","TOT","USD_CAP","A","2019",72668.72555,
"CHE","GDP","TOT","USD_CAP","A","2020",70810.837738,
"TUR","GDP","TOT","USD_CAP","A","2010",17345.833613,
"TUR","GDP","TOT","USD_CAP","A","2011",19590.858369,
"TUR","GDP","TOT","USD_CAP","A","2012",20627.440729,
"TUR","GDP","TOT","USD_CAP","A","2013",22373.136543,
"TUR","GDP","TOT","USD_CAP","A","2014",24104.984583,
"TUR","GDP","TOT","USD_CAP","A","2015",25855.912681,
"TUR","GDP","TOT","USD_CAP","A","2016",26695.909373,
"TUR","GDP","TOT","USD_CAP","A","2017",28193.061398,
"TUR","GDP","TOT","USD_CAP","A","2018",28281.473275,
"TUR","GDP","TOT","USD_CAP","A","2019",28011.322789,
"TUR","GDP","TOT","USD_CAP","A","2020",27973.899303,
"GBR","GDP","TOT","USD_CAP","A","2010",36582.645405,
"GBR","GDP","TOT","USD_CAP","A","2011",37245.250086,
"GBR","GDP","TOT","USD_CAP","A","2012",38329.611081,
"GBR","GDP","TOT","USD_CAP","A","2013",39989.080724,
"GBR","GDP","TOT","USD_CAP","A","2014",41288.479526,
"GBR","GDP","TOT","USD_CAP","A","2015",42601.747441,
"GBR","GDP","TOT","USD_CAP","A","2016",44230.588833,
"GBR","GDP","TOT","USD_CAP","A","2017",46117.225681,
"GBR","GDP","TOT","USD_CAP","A","2018",47219.464771,
"GBR","GDP","TOT","USD_CAP","A","2019",49317.743237,
"GBR","GDP","TOT","USD_CAP","A","2020",45872.178273,
"USA","GDP","TOT","USD_CAP","A","2010",48570.289731,
"USA","GDP","TOT","USD_CAP","A","2011",49951.907651,
"USA","GDP","TOT","USD_CAP","A","2012",51644.991659,
"USA","GDP","TOT","USD_CAP","A","2013",53116.521969,
"USA","GDP","TOT","USD_CAP","A","2014",54914.368228,
"USA","GDP","TOT","USD_CAP","A","2015",56520.609227,
"USA","GDP","TOT","USD_CAP","A","2016",57592.691515,
"USA","GDP","TOT","USD_CAP","A","2017",59589.233923,
"USA","GDP","TOT","USD_CAP","A","2018",62449.612827,
"USA","GDP","TOT","USD_CAP","A","2019",64690.272395,
"USA","GDP","TOT","USD_CAP","A","2020",63480.861222,
"CHL","GDP","TOT","USD_CAP","A","2010",18041.314313,
"CHL","GDP","TOT","USD_CAP","A","2011",20235.570348,
"CHL","GDP","TOT","USD_CAP","A","2012",21458.812331,
"CHL","GDP","TOT","USD_CAP","A","2013",22295.740021,
"CHL","GDP","TOT","USD_CAP","A","2014",22650.712398,
"CHL","GDP","TOT","USD_CAP","A","2015",22563.582179,
"CHL","GDP","TOT","USD_CAP","A","2016",23384.612377,
"CHL","GDP","TOT","USD_CAP","A","2017",24479.458726,
"CHL","GDP","TOT","USD_CAP","A","2018",25496.431051,
"CHL","GDP","TOT","USD_CAP","A","2019",25509.445481,
"CHL","GDP","TOT","USD_CAP","A","2020",24738.720579,
"CHN","GDP","TOT","USD_CAP","A","2010",9232.660118,
"CHN","GDP","TOT","USD_CAP","A","2011",10261.470654,
"CHN","GDP","TOT","USD_CAP","A","2012",11127.3668,
"CHN","GDP","TOT","USD_CAP","A","2013",11837.589428,
"CHN","GDP","TOT","USD_CAP","A","2014",12438.630325,
"CHN","GDP","TOT","USD_CAP","A","2015",12865.800384,
"CHN","GDP","TOT","USD_CAP","A","2016",13439.508987,
"CHN","GDP","TOT","USD_CAP","A","2017",14203.909059,
"CHN","GDP","TOT","USD_CAP","A","2018",15466.329982,
"CHN","GDP","TOT","USD_CAP","A","2019",16624.52398,
"CHN","GDP","TOT","USD_CAP","A","2020",17176.865661,
"COL","GDP","TOT","USD_CAP","A","2010",11206.221832,
"COL","GDP","TOT","USD_CAP","A","2011",12108.234854,
"COL","GDP","TOT","USD_CAP","A","2012",12530.807654,
"COL","GDP","TOT","USD_CAP","A","2013",13266.002148,
"COL","GDP","TOT","USD_CAP","A","2014",13777.241959,
"COL","GDP","TOT","USD_CAP","A","2015",13762.750912,
"COL","GDP","TOT","USD_CAP","A","2016",14514.224389,
"COL","GDP","TOT","USD_CAP","A","2017",14930.865719,
"COL","GDP","TOT","USD_CAP","A","2018",15814.696386,
"COL","GDP","TOT","USD_CAP","A","2019",16484.762795,
"COL","GDP","TOT","USD_CAP","A","2020",15614.989482,"P"
"EST","GDP","TOT","USD_CAP","A","2010",21588.7722,
"EST","GDP","TOT","USD_CAP","A","2011",24515.48857,
"EST","GDP","TOT","USD_CAP","A","2012",25946.944889,
"EST","GDP","TOT","USD_CAP","A","2013",27418.689637,
"EST","GDP","TOT","USD_CAP","A","2014",28917.833656,
"EST","GDP","TOT","USD_CAP","A","2015",29222.748082,
"EST","GDP","TOT","USD_CAP","A","2016",31310.152103,
"EST","GDP","TOT","USD_CAP","A","2017",33867.803542,
"EST","GDP","TOT","USD_CAP","A","2018",36488.637421,
"EST","GDP","TOT","USD_CAP","A","2019",39068.367072,
"EST","GDP","TOT","USD_CAP","A","2020",39460.614767,
"IND","GDP","TOT","USD_CAP","A","2010",4296.234885,"E"
"IND","GDP","TOT","USD_CAP","A","2011",4605.230111,
"IND","GDP","TOT","USD_CAP","A","2012",4982.312076,
"IND","GDP","TOT","USD_CAP","A","2013",5177.871752,
"IND","GDP","TOT","USD_CAP","A","2014",5352.029977,
"IND","GDP","TOT","USD_CAP","A","2015",5580.513112,
"IND","GDP","TOT","USD_CAP","A","2016",5954.581745,
"IND","GDP","TOT","USD_CAP","A","2017",6299.036721,
"IND","GDP","TOT","USD_CAP","A","2018",6798.503231,
"IND","GDP","TOT","USD_CAP","A","2019",7103.830936,
"IND","GDP","TOT","USD_CAP","A","2020",6643.799897,
"IDN","GDP","TOT","USD_CAP","A","2010",8624.923947,
"IDN","GDP","TOT","USD_CAP","A","2011",9213.212405,
"IDN","GDP","TOT","USD_CAP","A","2012",9833.689555,
"IDN","GDP","TOT","USD_CAP","A","2013",10188.331849,
"IDN","GDP","TOT","USD_CAP","A","2014",10398.959732,
"IDN","GDP","TOT","USD_CAP","A","2015",10359.295932,
"IDN","GDP","TOT","USD_CAP","A","2016",10618.699441,
"IDN","GDP","TOT","USD_CAP","A","2017",11073.520666,
"IDN","GDP","TOT","USD_CAP","A","2018",11798.060552,
"IDN","GDP","TOT","USD_CAP","A","2019",12481.910741,
"IDN","GDP","TOT","USD_CAP","A","2020",12224.985526,
"ISR","GDP","TOT","USD_CAP","A","2010",29309.637402,
"ISR","GDP","TOT","USD_CAP","A","2011",31172.65097,
"ISR","GDP","TOT","USD_CAP","A","2012",32336.088557,
"ISR","GDP","TOT","USD_CAP","A","2013",34755.382282,
"ISR","GDP","TOT","USD_CAP","A","2014",34755.764513,
"ISR","GDP","TOT","USD_CAP","A","2015",35877.114973,
"ISR","GDP","TOT","USD_CAP","A","2016",38220.119122,
"ISR","GDP","TOT","USD_CAP","A","2017",39464.353422,
"ISR","GDP","TOT","USD_CAP","A","2018",40247.088382,
"ISR","GDP","TOT","USD_CAP","A","2019",40950.350286,
"ISR","GDP","TOT","USD_CAP","A","2020",40222.667061,
"RUS","GDP","TOT","USD_CAP","A","2010",22008.299275,"E"
"RUS","GDP","TOT","USD_CAP","A","2011",22798.673917,
"RUS","GDP","TOT","USD_CAP","A","2012",24303.491049,
"RUS","GDP","TOT","USD_CAP","A","2013",26073.873547,
"RUS","GDP","TOT","USD_CAP","A","2014",25761.66151,
"RUS","GDP","TOT","USD_CAP","A","2015",24085.312853,
"RUS","GDP","TOT","USD_CAP","A","2016",24128.081806,
"RUS","GDP","TOT","USD_CAP","A","2017",25926.431403,
"RUS","GDP","TOT","USD_CAP","A","2018",28821.242897,
"RUS","GDP","TOT","USD_CAP","A","2019",29967.119348,
"RUS","GDP","TOT","USD_CAP","A","2020",29819.046969,"E"
"SVN","GDP","TOT","USD_CAP","A","2010",27822.232624,
"SVN","GDP","TOT","USD_CAP","A","2011",28931.423641,
"SVN","GDP","TOT","USD_CAP","A","2012",29048.325999,
"SVN","GDP","TOT","USD_CAP","A","2013",29979.618841,
"SVN","GDP","TOT","USD_CAP","A","2014",30872.72888,
"SVN","GDP","TOT","USD_CAP","A","2015",31631.838376,
"SVN","GDP","TOT","USD_CAP","A","2016",33942.76789,
"SVN","GDP","TOT","USD_CAP","A","2017",36517.579273,
"SVN","GDP","TOT","USD_CAP","A","2018",39008.297051,
"SVN","GDP","TOT","USD_CAP","A","2019",42118.699287,
"SVN","GDP","TOT","USD_CAP","A","2020",40885.50612,
"ZAF","GDP","TOT","USD_CAP","A","2010",12994.908386,
"ZAF","GDP","TOT","USD_CAP","A","2011",13503.769127,
"ZAF","GDP","TOT","USD_CAP","A","2012",13356.612371,
"ZAF","GDP","TOT","USD_CAP","A","2013",13787.93583,
"ZAF","GDP","TOT","USD_CAP","A","2014",13815.551011,
"ZAF","GDP","TOT","USD_CAP","A","2015",13941.996711,
"ZAF","GDP","TOT","USD_CAP","A","2016",14006.152389,
"ZAF","GDP","TOT","USD_CAP","A","2017",14134.028896,
"ZAF","GDP","TOT","USD_CAP","A","2018",14545.431392,
"ZAF","GDP","TOT","USD_CAP","A","2019",14654.557239,
"ZAF","GDP","TOT","USD_CAP","A","2020",13716.632593,
"OECD","GDP","TOT","USD_CAP","A","2010",34563.116043,"B"
"OECD","GDP","TOT","USD_CAP","A","2011",35936.7129,
"OECD","GDP","TOT","USD_CAP","A","2012",36892.416735,
"OECD","GDP","TOT","USD_CAP","A","2013",38231.427559,
"OECD","GDP","TOT","USD_CAP","A","2014",39331.898364,
"OECD","GDP","TOT","USD_CAP","A","2015",40455.828056,
"OECD","GDP","TOT","USD_CAP","A","2016",41919.713698,
"OECD","GDP","TOT","USD_CAP","A","2017",43515.997709,
"OECD","GDP","TOT","USD_CAP","A","2018",45197.269954,
"OECD","GDP","TOT","USD_CAP","A","2019",46667.780637,"P"
"OECD","GDP","TOT","USD_CAP","A","2020",45371.011275,"P"
"OECDE","GDP","TOT","USD_CAP","A","2010",32721.48151,"B"
"OECDE","GDP","TOT","USD_CAP","A","2011",34275.899124,
"OECDE","GDP","TOT","USD_CAP","A","2012",34899.657388,
"OECDE","GDP","TOT","USD_CAP","A","2013",36251.327751,
"OECDE","GDP","TOT","USD_CAP","A","2014",37403.358023,
"OECDE","GDP","TOT","USD_CAP","A","2015",38604.564481,
"OECDE","GDP","TOT","USD_CAP","A","2016",40595.385286,
"OECDE","GDP","TOT","USD_CAP","A","2017",42560.750013,
"OECDE","GDP","TOT","USD_CAP","A","2018",44174.059213,
"OECDE","GDP","TOT","USD_CAP","A","2019",46350.372782,"P"
"OECDE","GDP","TOT","USD_CAP","A","2020",44623.303969,"P"
"LVA","GDP","TOT","USD_CAP","A","2010",17709.026549,
"LVA","GDP","TOT","USD_CAP","A","2011",19256.795329,
"LVA","GDP","TOT","USD_CAP","A","2012",21297.472621,
"LVA","GDP","TOT","USD_CAP","A","2013",22637.197448,
"LVA","GDP","TOT","USD_CAP","A","2014",23810.218371,
"LVA","GDP","TOT","USD_CAP","A","2015",24975.479748,
"LVA","GDP","TOT","USD_CAP","A","2016",26724.459825,
"LVA","GDP","TOT","USD_CAP","A","2017",28689.617469,
"LVA","GDP","TOT","USD_CAP","A","2018",30891.884185,
"LVA","GDP","TOT","USD_CAP","A","2019",32938.736912,
"LVA","GDP","TOT","USD_CAP","A","2020",33011.406797,
"BRA","GDP","TOT","USD_CAP","A","2010",14361.511307,
"BRA","GDP","TOT","USD_CAP","A","2011",15109.737403,
"BRA","GDP","TOT","USD_CAP","A","2012",15120.063649,
"BRA","GDP","TOT","USD_CAP","A","2013",15669.140139,
"BRA","GDP","TOT","USD_CAP","A","2014",15800.088894,
"BRA","GDP","TOT","USD_CAP","A","2015",14816.290598,
"BRA","GDP","TOT","USD_CAP","A","2016",14326.10209,
"BRA","GDP","TOT","USD_CAP","A","2017",14592.101979,
"BRA","GDP","TOT","USD_CAP","A","2018",15088.873591,
"BRA","GDP","TOT","USD_CAP","A","2019",15424.038754,
"BRA","GDP","TOT","USD_CAP","A","2020",15173.607426,
"LTU","GDP","TOT","USD_CAP","A","2010",20096.631145,
"LTU","GDP","TOT","USD_CAP","A","2011",22884.945082,
"LTU","GDP","TOT","USD_CAP","A","2012",24703.697943,
"LTU","GDP","TOT","USD_CAP","A","2013",26721.601926,
"LTU","GDP","TOT","USD_CAP","A","2014",28184.499091,
"LTU","GDP","TOT","USD_CAP","A","2015",28834.457574,
"LTU","GDP","TOT","USD_CAP","A","2016",30925.151813,
"LTU","GDP","TOT","USD_CAP","A","2017",33761.906595,
"LTU","GDP","TOT","USD_CAP","A","2018",36376.535744,
"LTU","GDP","TOT","USD_CAP","A","2019",39957.593145,
"LTU","GDP","TOT","USD_CAP","A","2020",40176.485935,
"SAU","GDP","TOT","USD_CAP","A","2010",51356.826204,
"SAU","GDP","TOT","USD_CAP","A","2011",56127.024677,
"SAU","GDP","TOT","USD_CAP","A","2012",57693.997316,
"SAU","GDP","TOT","USD_CAP","A","2013",56563.34222,
"SAU","GDP","TOT","USD_CAP","A","2014",56613.475043,
"SAU","GDP","TOT","USD_CAP","A","2015",49491.338595,
"SAU","GDP","TOT","USD_CAP","A","2016",46289.747404,
"SAU","GDP","TOT","USD_CAP","A","2017",47862.011832,
"SAU","GDP","TOT","USD_CAP","A","2018",49189.778812,
"SAU","GDP","TOT","USD_CAP","A","2019",49055.641241,
"SAU","GDP","TOT","USD_CAP","A","2020",46378.343249,
"EA19","GDP","TOT","USD_CAP","A","2010",35898.193753,
"EA19","GDP","TOT","USD_CAP","A","2011",37388.919999,
"EA19","GDP","TOT","USD_CAP","A","2012",37759.39707,
"EA19","GDP","TOT","USD_CAP","A","2013",39016.594433,
"EA19","GDP","TOT","USD_CAP","A","2014",40050.013668,
"EA19","GDP","TOT","USD_CAP","A","2015",41146.496692,
"EA19","GDP","TOT","USD_CAP","A","2016",43633.549949,
"EA19","GDP","TOT","USD_CAP","A","2017",45718.956025,
"EA19","GDP","TOT","USD_CAP","A","2018",47632.859736,
"EA19","GDP","TOT","USD_CAP","A","2019",50334.057651,
"EA19","GDP","TOT","USD_CAP","A","2020",48286.145759,
"ARG","GDP","TOT","USD_CAP","A","2010",18063.914342,
"ARG","GDP","TOT","USD_CAP","A","2011",19322.22713,
"ARG","GDP","TOT","USD_CAP","A","2012",19641.352863,
"ARG","GDP","TOT","USD_CAP","A","2013",20131.680421,
"ARG","GDP","TOT","USD_CAP","A","2014",19683.771502,
"ARG","GDP","TOT","USD_CAP","A","2015",20105.198994,
"ARG","GDP","TOT","USD_CAP","A","2016",20307.870053,
"ARG","GDP","TOT","USD_CAP","A","2017",23597.117759,
"ARG","GDP","TOT","USD_CAP","A","2018",23290.675736,
"ARG","GDP","TOT","USD_CAP","A","2019",23003.277177,
"ARG","GDP","TOT","USD_CAP","A","2020",20763.271623,
"CRI","GDP","TOT","USD_CAP","A","2010",13325.311122,
"CRI","GDP","TOT","USD_CAP","A","2011",14068.154868,
"CRI","GDP","TOT","USD_CAP","A","2012",14852.929898,
"CRI","GDP","TOT","USD_CAP","A","2013",15542.368395,
"CRI","GDP","TOT","USD_CAP","A","2014",16615.974075,
"CRI","GDP","TOT","USD_CAP","A","2015",17649.314854,
"CRI","GDP","TOT","USD_CAP","A","2016",19119.336147,
"CRI","GDP","TOT","USD_CAP","A","2017",20368.230268,
"CRI","GDP","TOT","USD_CAP","A","2018",21312.71338,
"CRI","GDP","TOT","USD_CAP","A","2019",22739.241909,
"CRI","GDP","TOT","USD_CAP","A","2020",21755.528069,
"BGR","GDP","TOT","USD_CAP","A","2010",14681.048115,
"BGR","GDP","TOT","USD_CAP","A","2011",15747.103639,
"BGR","GDP","TOT","USD_CAP","A","2012",16327.885807,
"BGR","GDP","TOT","USD_CAP","A","2013",16647.055821,
"BGR","GDP","TOT","USD_CAP","A","2014",17616.824047,
"BGR","GDP","TOT","USD_CAP","A","2015",18391.898736,
"BGR","GDP","TOT","USD_CAP","A","2016",20074.363973,
"BGR","GDP","TOT","USD_CAP","A","2017",21469.900943,
"BGR","GDP","TOT","USD_CAP","A","2018",23015.938513,
"BGR","GDP","TOT","USD_CAP","A","2019",25170.075668,
"BGR","GDP","TOT","USD_CAP","A","2020",25293.675309,
"HRV","GDP","TOT","USD_CAP","A","2010",20044.039039,
"HRV","GDP","TOT","USD_CAP","A","2011",21082.7495,
"HRV","GDP","TOT","USD_CAP","A","2012",21456.20644,
"HRV","GDP","TOT","USD_CAP","A","2013",22141.106762,
"HRV","GDP","TOT","USD_CAP","A","2014",22373.074706,
"HRV","GDP","TOT","USD_CAP","A","2015",23313.87772,
"HRV","GDP","TOT","USD_CAP","A","2016",25271.87513,
"HRV","GDP","TOT","USD_CAP","A","2017",27171.78466,
"HRV","GDP","TOT","USD_CAP","A","2018",28887.862246,
"HRV","GDP","TOT","USD_CAP","A","2019",31572.729293,
"HRV","GDP","TOT","USD_CAP","A","2020",29705.535711,
"CYP","GDP","TOT","USD_CAP","A","2010",33511.261068,
"CYP","GDP","TOT","USD_CAP","A","2011",33406.269591,
"CYP","GDP","TOT","USD_CAP","A","2012",31924.037242,
"CYP","GDP","TOT","USD_CAP","A","2013",30451.702566,
"CYP","GDP","TOT","USD_CAP","A","2014",30170.917335,
"CYP","GDP","TOT","USD_CAP","A","2015",31922.436052,
"CYP","GDP","TOT","USD_CAP","A","2016",35878.55928,
"CYP","GDP","TOT","USD_CAP","A","2017",38414.901202,
"CYP","GDP","TOT","USD_CAP","A","2018",40676.395546,
"CYP","GDP","TOT","USD_CAP","A","2019",44038.86115,
"CYP","GDP","TOT","USD_CAP","A","2020",41421.822429,
"MLT","GDP","TOT","USD_CAP","A","2010",28725.106348,
"MLT","GDP","TOT","USD_CAP","A","2011",28973.045315,
"MLT","GDP","TOT","USD_CAP","A","2012",30241.42175,
"MLT","GDP","TOT","USD_CAP","A","2013",32287.911363,
"MLT","GDP","TOT","USD_CAP","A","2014",34318.333679,
"MLT","GDP","TOT","USD_CAP","A","2015",37430.605738,
"MLT","GDP","TOT","USD_CAP","A","2016",39678.501077,
"MLT","GDP","TOT","USD_CAP","A","2017",43447.278337,
"MLT","GDP","TOT","USD_CAP","A","2018",45582.873183,
"MLT","GDP","TOT","USD_CAP","A","2019",49155.630788,
"MLT","GDP","TOT","USD_CAP","A","2020",44900.735579,
"ROU","GDP","TOT","USD_CAP","A","2010",17355.918257,
"ROU","GDP","TOT","USD_CAP","A","2011",18802.857831,
"ROU","GDP","TOT","USD_CAP","A","2012",19807.1025,
"ROU","GDP","TOT","USD_CAP","A","2013",19672.242855,
"ROU","GDP","TOT","USD_CAP","A","2014",20624.326685,
"ROU","GDP","TOT","USD_CAP","A","2015",21617.288479,
"ROU","GDP","TOT","USD_CAP","A","2016",23899.782494,
"ROU","GDP","TOT","USD_CAP","A","2017",26937.461797,
"ROU","GDP","TOT","USD_CAP","A","2018",29553.041501,
"ROU","GDP","TOT","USD_CAP","A","2019",33028.052566,
"ROU","GDP","TOT","USD_CAP","A","2020",33325.494217,
"MKD","GDP","TOT","USD_CAP","A","2010",11360.930536,"E"
"MKD","GDP","TOT","USD_CAP","A","2011",11689.962054,"E"
"MKD","GDP","TOT","USD_CAP","A","2012",11915.687265,"E"
"MKD","GDP","TOT","USD_CAP","A","2013",12727.355581,"E"
"MKD","GDP","TOT","USD_CAP","A","2014",13434.737521,"E"
"MKD","GDP","TOT","USD_CAP","A","2015",13888.293041,"E"
"MKD","GDP","TOT","USD_CAP","A","2016",15138.004749,"E"
"MKD","GDP","TOT","USD_CAP","A","2017",15706.422358,"E"
"MKD","GDP","TOT","USD_CAP","A","2018",16796.298138,"E"
"MKD","GDP","TOT","USD_CAP","A","2019",18007.14396,"E"
"MKD","GDP","TOT","USD_CAP","A","2020",17323.102057,"E"
"ZMB","GDP","TOT","USD_CAP","A","2010",3136.322797,
"ZMB","GDP","TOT","USD_CAP","A","2011",3267.408278,
"ZMB","GDP","TOT","USD_CAP","A","2012",3357.73837,
"ZMB","GDP","TOT","USD_CAP","A","2013",3506.389931,
"ZMB","GDP","TOT","USD_CAP","A","2014",3463.409685,
"ZMB","GDP","TOT","USD_CAP","A","2015",3352.5262,
"ZMB","GDP","TOT","USD_CAP","A","2016",3322.580089,
"ZMB","GDP","TOT","USD_CAP","A","2017",3387.885589,
"ZMB","GDP","TOT","USD_CAP","A","2018",3507.79523,
"ZMB","GDP","TOT","USD_CAP","A","2019",3514.688008,
"ZMB","GDP","TOT","USD_CAP","A","2020",3358.004891,
"HKG","GDP","TOT","USD_CAP","A","2010",49192.011993,"E"
"HKG","GDP","TOT","USD_CAP","A","2011",52274.50957,"E"
"HKG","GDP","TOT","USD_CAP","A","2012",52235.322875,"E"
"HKG","GDP","TOT","USD_CAP","A","2013",53691.089574,"E"
"HKG","GDP","TOT","USD_CAP","A","2014",54785.436188,"E"
"HKG","GDP","TOT","USD_CAP","A","2015",56411.257311,"E"
"HKG","GDP","TOT","USD_CAP","A","2016",57221.970182,"E"
"HKG","GDP","TOT","USD_CAP","A","2017",59843.83188,"E"
"HKG","GDP","TOT","USD_CAP","A","2018",62510.60171,"E"
"HKG","GDP","TOT","USD_CAP","A","2019",62102.600449,"E"
"HKG","GDP","TOT","USD_CAP","A","2020",58949.465954,"E"
"MDG","GDP","TOT","USD_CAP","A","2010",1551.279644,"E"
"MDG","GDP","TOT","USD_CAP","A","2011",1565.877486,"E"
"MDG","GDP","TOT","USD_CAP","A","2012",1548.90756,"E"
"MDG","GDP","TOT","USD_CAP","A","2013",1553.262396,"E"
"MDG","GDP","TOT","USD_CAP","A","2014",1573.215193,"E"
"MDG","GDP","TOT","USD_CAP","A","2015",1562.306683,"E"
"MDG","GDP","TOT","USD_CAP","A","2016",1624.146348,"E"
"MDG","GDP","TOT","USD_CAP","A","2017",1601.521574,"E"
"MDG","GDP","TOT","USD_CAP","A","2018",1643.791121,"E"
"MDG","GDP","TOT","USD_CAP","A","2019",1702.648643,"E"
"MDG","GDP","TOT","USD_CAP","A","2020",1561.08077,"E"
"MAR","GDP","TOT","USD_CAP","A","2010",7062.748347,"E"
"MAR","GDP","TOT","USD_CAP","A","2011",7508.705687,"E"
"MAR","GDP","TOT","USD_CAP","A","2012",7507.265418,"E"
"MAR","GDP","TOT","USD_CAP","A","2013",7773.208344,"E"
"MAR","GDP","TOT","USD_CAP","A","2014",7351.113438,"E"
"MAR","GDP","TOT","USD_CAP","A","2015",7905.564398,"E"
"MAR","GDP","TOT","USD_CAP","A","2016",7944.172521,"E"
"MAR","GDP","TOT","USD_CAP","A","2017",8193.46357,"E"
"MAR","GDP","TOT","USD_CAP","A","2018",8543.309967,"E"
"MAR","GDP","TOT","USD_CAP","A","2019",8807.802665,"E"
"MAR","GDP","TOT","USD_CAP","A","2020",8051.435771,"E"
"SGP","GDP","TOT","USD_CAP","A","2010",75385.788553,
"SGP","GDP","TOT","USD_CAP","A","2011",80047.57357,
"SGP","GDP","TOT","USD_CAP","A","2012",82071.712428,
"SGP","GDP","TOT","USD_CAP","A","2013",83004.278288,
"SGP","GDP","TOT","USD_CAP","A","2014",84418.931597,
"SGP","GDP","TOT","USD_CAP","A","2015",86974.779015,
"SGP","GDP","TOT","USD_CAP","A","2016",89421.862189,
"SGP","GDP","TOT","USD_CAP","A","2017",95354.734241,
"SGP","GDP","TOT","USD_CAP","A","2018",100408.958643,
"SGP","GDP","TOT","USD_CAP","A","2019",102127.214909,
"SGP","GDP","TOT","USD_CAP","A","2020",98148.67364,
"EU27_2020","GDP","TOT","USD_CAP","A","2010",32905.231326,
"EU27_2020","GDP","TOT","USD_CAP","A","2011",34432.890765,
"EU27_2020","GDP","TOT","USD_CAP","A","2012",34900.806454,
"EU27_2020","GDP","TOT","USD_CAP","A","2013",36048.781123,
"EU27_2020","GDP","TOT","USD_CAP","A","2014",37093.835232,
"EU27_2020","GDP","TOT","USD_CAP","A","2015",38256.931633,
"EU27_2020","GDP","TOT","USD_CAP","A","2016",40580.54528,
"EU27_2020","GDP","TOT","USD_CAP","A","2017",42694.778256,
"EU27_2020","GDP","TOT","USD_CAP","A","2018",44676.313726,
"EU27_2020","GDP","TOT","USD_CAP","A","2019",47448.163653,
"EU27_2020","GDP","TOT","USD_CAP","A","2020",45880.663098,
"ALB","GDP","TOT","USD_CAP","A","2010",9628.640205,
"ALB","GDP","TOT","USD_CAP","A","2011",10207.77567,
"ALB","GDP","TOT","USD_CAP","A","2012",10526.26764,
"ALB","GDP","TOT","USD_CAP","A","2013",10570.992371,"D"
"ALB","GDP","TOT","USD_CAP","A","2014",11259.216046,
"ALB","GDP","TOT","USD_CAP","A","2015",11658.892144,
"ALB","GDP","TOT","USD_CAP","A","2016",12078.859197,
"ALB","GDP","TOT","USD_CAP","A","2017",12770.949362,
"ALB","GDP","TOT","USD_CAP","A","2018",13498.122566,
"ALB","GDP","TOT","USD_CAP","A","2019",14407.379403,
"ALB","GDP","TOT","USD_CAP","A","2020",14033.967211,"P"
"SRB","GDP","TOT","USD_CAP","A","2010",12798.159892,
"SRB","GDP","TOT","USD_CAP","A","2011",13742.336799,
"SRB","GDP","TOT","USD_CAP","A","2012",13929.171684,
"SRB","GDP","TOT","USD_CAP","A","2013",14624.125863,
"SRB","GDP","TOT","USD_CAP","A","2014",14657.017285,
"SRB","GDP","TOT","USD_CAP","A","2015",14928.438393,
"SRB","GDP","TOT","USD_CAP","A","2016",15858.087991,
"SRB","GDP","TOT","USD_CAP","A","2017",16610.992477,
"SRB","GDP","TOT","USD_CAP","A","2018",17717.89125,
"SRB","GDP","TOT","USD_CAP","A","2019",19404.882561,
"SRB","GDP","TOT","USD_CAP","A","2020",19547.72567,
"GEO","GDP","TOT","USD_CAP","A","2010",7564.881587,
"GEO","GDP","TOT","USD_CAP","A","2011",8360.306333,
"GEO","GDP","TOT","USD_CAP","A","2012",9826.064193,
"GEO","GDP","TOT","USD_CAP","A","2013",10611.756551,
"GEO","GDP","TOT","USD_CAP","A","2014",11575.584149,
"GEO","GDP","TOT","USD_CAP","A","2015",12089.17496,
"GEO","GDP","TOT","USD_CAP","A","2016",12858.489885,
"GEO","GDP","TOT","USD_CAP","A","2017",13589.730377,
"GEO","GDP","TOT","USD_CAP","A","2018",14593.90772,
"GEO","GDP","TOT","USD_CAP","A","2019",15621.873636,
"GEO","GDP","TOT","USD_CAP","A","2020",14731.202573,
"CMR","GDP","TOT","USD_CAP","A","2010",2817.138892,
"CMR","GDP","TOT","USD_CAP","A","2011",2892.502629,
"CMR","GDP","TOT","USD_CAP","A","2012",2958.729392,
"CMR","GDP","TOT","USD_CAP","A","2013",3129.90117,
"CMR","GDP","TOT","USD_CAP","A","2014",3312.518595,
"CMR","GDP","TOT","USD_CAP","A","2015",3395.683762,
"CMR","GDP","TOT","USD_CAP","A","2016",3527.098888,
"CMR","GDP","TOT","USD_CAP","A","2017",3665.128295,
"CMR","GDP","TOT","USD_CAP","A","2018",3800.566288,
"CMR","GDP","TOT","USD_CAP","A","2019",3900.880855,
"CMR","GDP","TOT","USD_CAP","A","2020",3861.20989,
"SEN","GDP","TOT","USD_CAP","A","2010",2714.467736,
"SEN","GDP","TOT","USD_CAP","A","2011",2728.699987,
"SEN","GDP","TOT","USD_CAP","A","2012",2798.104708,
"SEN","GDP","TOT","USD_CAP","A","2013",2797.721619,
"SEN","GDP","TOT","USD_CAP","A","2014",2881.298928,
"SEN","GDP","TOT","USD_CAP","A","2015",3017.267768,
"SEN","GDP","TOT","USD_CAP","A","2016",3116.185752,
"SEN","GDP","TOT","USD_CAP","A","2017",3238.212275,
"SEN","GDP","TOT","USD_CAP","A","2018",3416.171427,
"SEN","GDP","TOT","USD_CAP","A","2019",3530.096494,
"SEN","GDP","TOT","USD_CAP","A","2020",3513.149951,
